{
  "summary": {
    "config": {
      "window_size": 20,
      "overlap_size": 2,
      "step_size": 18,
      "single_entry_mode": false,
      "simulate_prev_context": false,
      "tokenizer": "Qwen/Qwen2.5-3B-Instruct",
      "counts": "input prompt tokens only (no completion tokens)"
    },
    "num_conversations": 7,
    "total_windows": 249,
    "mean_input_tokens_per_conversation": 44593.857142857145,
    "median_input_tokens_per_conversation": 46083,
    "stdev_input_tokens_per_conversation": 4312.901166986148,
    "min_input_tokens_per_conversation": 36408,
    "max_input_tokens_per_conversation": 48718,
    "sum_input_tokens_all_conversations": 312157,
    "mean_input_tokens_per_window": 1253.6425702811246
  },
  "per_sample": [
    {
      "sample_id": "0",
      "num_dialogues": 629,
      "num_windows": 35,
      "total_input_tokens": 42635,
      "mean_tokens_per_window": 1218.142857142857,
      "window_token_counts": [
        1082,
        1142,
        1262,
        1058,
        1063,
        1314,
        1207,
        1147,
        1234,
        1387,
        1212,
        1115,
        1215,
        1172,
        1121,
        1139,
        1222,
        1234,
        1259,
        1354,
        1328,
        1223,
        1375,
        1340,
        1284,
        1293,
        1150,
        1190,
        1215,
        1203,
        1282,
        1205,
        1320,
        1183,
        1105
      ]
    },
    {
      "sample_id": "1",
      "num_dialogues": 680,
      "num_windows": 38,
      "total_input_tokens": 48718,
      "mean_tokens_per_window": 1282.0526315789473,
      "window_token_counts": [
        1155,
        1329,
        1347,
        1174,
        1183,
        1213,
        1521,
        1377,
        1482,
        1285,
        1255,
        1160,
        1272,
        1307,
        1227,
        1288,
        1216,
        1353,
        1337,
        1331,
        1431,
        1319,
        1282,
        1583,
        1279,
        1092,
        1293,
        1535,
        1309,
        1216,
        1281,
        1216,
        1286,
        1252,
        1268,
        1258,
        1031,
        975
      ]
    },
    {
      "sample_id": "2",
      "num_dialogues": 675,
      "num_windows": 38,
      "total_input_tokens": 48046,
      "mean_tokens_per_window": 1264.3684210526317,
      "window_token_counts": [
        1108,
        1121,
        1241,
        1172,
        1243,
        1290,
        1215,
        1237,
        1290,
        1307,
        1155,
        1225,
        1497,
        1409,
        1109,
        1282,
        1348,
        1540,
        1341,
        1324,
        1221,
        1287,
        1266,
        1332,
        1249,
        1297,
        1174,
        1225,
        1339,
        1395,
        1383,
        1203,
        1462,
        1206,
        1117,
        1279,
        1352,
        805
      ]
    },
    {
      "sample_id": "3",
      "num_dialogues": 689,
      "num_windows": 39,
      "total_input_tokens": 47259,
      "mean_tokens_per_window": 1211.7692307692307,
      "window_token_counts": [
        1309,
        1205,
        1260,
        1291,
        1199,
        1259,
        1332,
        1268,
        1225,
        1182,
        1206,
        1167,
        1130,
        1303,
        1285,
        1217,
        1276,
        1201,
        1249,
        1193,
        1179,
        1259,
        1136,
        1124,
        1477,
        1212,
        1205,
        1345,
        1193,
        1172,
        1380,
        1226,
        1150,
        1192,
        1304,
        1201,
        1156,
        1183,
        408
      ]
    },
    {
      "sample_id": "4",
      "num_dialogues": 681,
      "num_windows": 38,
      "total_input_tokens": 46083,
      "mean_tokens_per_window": 1212.7105263157894,
      "window_token_counts": [
        1201,
        1191,
        1189,
        1047,
        1214,
        1316,
        1202,
        1249,
        1224,
        1120,
        1174,
        1152,
        1307,
        1307,
        1092,
        1152,
        1155,
        1302,
        1295,
        1198,
        1127,
        1260,
        1356,
        1252,
        1135,
        1311,
        1567,
        1121,
        1226,
        1277,
        1060,
        1071,
        1243,
        1259,
        1176,
        1262,
        1290,
        1003
      ]
    },
    {
      "sample_id": "5",
      "num_dialogues": 509,
      "num_windows": 29,
      "total_input_tokens": 36408,
      "mean_tokens_per_window": 1255.448275862069,
      "window_token_counts": [
        1130,
        1281,
        1232,
        1293,
        1327,
        1177,
        1395,
        1212,
        1279,
        1443,
        1395,
        1408,
        1348,
        1206,
        1308,
        1125,
        1352,
        1309,
        1130,
        1299,
        1273,
        1250,
        1386,
        1246,
        1263,
        1088,
        1415,
        1375,
        463
      ]
    },
    {
      "sample_id": "6",
      "num_dialogues": 568,
      "num_windows": 32,
      "total_input_tokens": 43008,
      "mean_tokens_per_window": 1344.0,
      "window_token_counts": [
        1245,
        1299,
        1342,
        1225,
        1324,
        1413,
        1380,
        1419,
        1308,
        1385,
        1537,
        1401,
        1314,
        1371,
        1300,
        1248,
        1262,
        1468,
        1518,
        1286,
        1387,
        1363,
        1533,
        1427,
        1393,
        1455,
        1394,
        1245,
        1216,
        1354,
        1418,
        778
      ]
    }
  ]
}